[
  {
    "name": "Eltrac", 
	"link": "https://guhub.cn/", 
	"avatar": "https://cdn.jsdelivr.net/gh/BigCoke233/image-hosting/avatars/avatar.jpeg", 
	"des": "暗夜行路，终遇奇迹。"
  },
  {
    "name": "Example", 
	"link": "https://example.io/", 
	"avatar": "https://cdn.jsdelivr.net/gh/BigCoke233/image-hosting/avatars/avatar.jpeg", 
	"des": "这是一个示例。"
  },
  {
    "name": "Example", 
	"link": "https://example.io/", 
	"avatar": "https://cdn.jsdelivr.net/gh/BigCoke233/image-hosting/avatars/avatar.jpeg", 
	"des": "这是一个示例。"
  },
  {
    "name": "Example", 
	"link": "https://example.io/", 
	"avatar": "https://cdn.jsdelivr.net/gh/BigCoke233/image-hosting/avatars/avatar.jpeg", 
	"des": "这是一个示例。"
  },
  {
    "name": "Example", 
	"link": "https://example.io/", 
	"avatar": "https://cdn.jsdelivr.net/gh/BigCoke233/image-hosting/avatars/avatar.jpeg", 
	"des": "这是一个示例。"
  }
]